Automated activity at Sun Jan  4 20:09:08 UTC 2026
Automated activity at Mon Jan  5 08:05:00 UTC 2026
Automated activity at Mon Jan  5 20:09:53 UTC 2026
Automated activity at Tue Jan  6 08:05:17 UTC 2026
Automated activity at Tue Jan  6 20:09:35 UTC 2026
Automated activity at Wed Jan  7 08:04:48 UTC 2026
Automated activity at Wed Jan  7 20:09:37 UTC 2026
Automated activity at Thu Jan  8 08:04:35 UTC 2026
Automated activity at Thu Jan  8 20:09:43 UTC 2026
Automated activity at Fri Jan  9 08:04:46 UTC 2026
Automated activity at Fri Jan  9 20:10:04 UTC 2026
Automated activity at Sat Jan 10 08:04:06 UTC 2026
Automated activity at Sat Jan 10 20:08:18 UTC 2026
